Link_to_Original_File,Original_File_Name,State,County,Latitude,Longitude,Year,County_Population,Med_County_Sales,Rec_County_Sales,med_sales_per_citizen,rec_sales_per_citizen
https://www.colorado.gov/pacific/revenue/colorado-marijuana-sales-reports,1214_MarijuanaSalesReport PUBLISH.xlsx,Colorado,Adams,39.874325,-104.331872,2014,479477,5781889,2749908,12.06,5.74
https://www.colorado.gov/pacific/revenue/colorado-marijuana-sales-reports,1215_MarijuanaSalesReport PUBLISH.xlsx,Colorado,Adams,39.874325,-104.331872,2015,489774,5364214,19462442,10.95,39.74
https://www.colorado.gov/pacific/revenue/colorado-marijuana-sales-reports,1216_MarijuanaSalesReport PUBLISH.xlsx,Colorado,Adams,39.874325,-104.331872,2016,497419,4942140,44868387,9.94,90.2
https://www.colorado.gov/pacific/revenue/colorado-marijuana-sales-reports,1217_MarijuanaSalesReport PUBLISH.xlsx,Colorado,Adams,39.874325,-104.331872,2017,503375,11187391,62132216,22.22,123.43
https://www.colorado.gov/pacific/revenue/colorado-marijuana-sales-reports,0818_MarijuanaSalesReport PUBLISH.xlsx,Colorado,Adams,39.874325,-104.331872,2018,,4109843,54098279,,
https://www.colorado.gov/pacific/revenue/colorado-marijuana-sales-reports,1214_MarijuanaSalesReport PUBLISH.xlsx,Colorado,Alamosa,37.568442,-105.788041,2014,15758,1,0,,
https://www.colorado.gov/pacific/revenue/colorado-marijuana-sales-reports,1215_MarijuanaSalesReport PUBLISH.xlsx,Colorado,Alamosa,37.568442,-105.788041,2015,15854,1,0,,
https://www.colorado.gov/pacific/revenue/colorado-marijuana-sales-reports,1216_MarijuanaSalesReport PUBLISH.xlsx,Colorado,Alamosa,37.568442,-105.788041,2016,16006,1,0,,
https://www.colorado.gov/pacific/revenue/colorado-marijuana-sales-reports,1217_MarijuanaSalesReport PUBLISH.xlsx,Colorado,Alamosa,37.568442,-105.788041,2017,16056,1,0,,
https://www.colorado.gov/pacific/revenue/colorado-marijuana-sales-reports,0818_MarijuanaSalesReport PUBLISH.xlsx,Colorado,Alamosa,37.568442,-105.788041,2018,,1,0,,
https://www.colorado.gov/pacific/revenue/colorado-marijuana-sales-reports,1214_MarijuanaSalesReport PUBLISH.xlsx,Colorado,Arapahoe,39.644632,-104.331733,2014,617498,16861284,2221929,27.31,3.6
https://www.colorado.gov/pacific/revenue/colorado-marijuana-sales-reports,1215_MarijuanaSalesReport PUBLISH.xlsx,Colorado,Arapahoe,39.644632,-104.331733,2015,628951,19190919,49342266,30.51,78.45
https://www.colorado.gov/pacific/revenue/colorado-marijuana-sales-reports,1216_MarijuanaSalesReport PUBLISH.xlsx,Colorado,Arapahoe,39.644632,-104.331733,2016,637266,18337608,95552527,28.78,149.94
https://www.colorado.gov/pacific/revenue/colorado-marijuana-sales-reports,1217_MarijuanaSalesReport PUBLISH.xlsx,Colorado,Arapahoe,39.644632,-104.331733,2017,643257,12477526,111836427,19.4,173.86
https://www.colorado.gov/pacific/revenue/colorado-marijuana-sales-reports,0818_MarijuanaSalesReport PUBLISH.xlsx,Colorado,Arapahoe,39.644632,-104.331733,2018,,6480453,78614787,,
https://www.colorado.gov/pacific/revenue/colorado-marijuana-sales-reports,1214_MarijuanaSalesReport PUBLISH.xlsx,Colorado,Archuleta,37.202395,-107.050863,2014,12240,1,1,,
https://www.colorado.gov/pacific/revenue/colorado-marijuana-sales-reports,1215_MarijuanaSalesReport PUBLISH.xlsx,Colorado,Archuleta,37.202395,-107.050863,2015,12401,1,1,,
https://www.colorado.gov/pacific/revenue/colorado-marijuana-sales-reports,1216_MarijuanaSalesReport PUBLISH.xlsx,Colorado,Archuleta,37.202395,-107.050863,2016,12839,1,1,,
https://www.colorado.gov/pacific/revenue/colorado-marijuana-sales-reports,1217_MarijuanaSalesReport PUBLISH.xlsx,Colorado,Archuleta,37.202395,-107.050863,2017,13316,1,6397398,,480.43
https://www.colorado.gov/pacific/revenue/colorado-marijuana-sales-reports,0818_MarijuanaSalesReport PUBLISH.xlsx,Colorado,Archuleta,37.202395,-107.050863,2018,,1,5870625,,
,,Colorado,Baca,37.303144,-102.535457,2014,3576,0,0,,
,,Colorado,Baca,37.303144,-102.535457,2015,3544,0,0,,
,,Colorado,Baca,37.303144,-102.535457,2016,3522,0,0,,
,,Colorado,Baca,37.303144,-102.535457,2017,3539,0,0,,
,,Colorado,Baca,37.303144,-102.535457,2018,,0,0,,
,,Colorado,Bent,37.931891,-103.077584,2014,5777,0,0,,
,,Colorado,Bent,37.931891,-103.077584,2015,5885,0,0,,
,,Colorado,Bent,37.931891,-103.077584,2016,5664,0,0,,
,,Colorado,Bent,37.931891,-103.077584,2017,5866,0,0,,
,,Colorado,Bent,37.931891,-103.077584,2018,,0,0,,
https://www.colorado.gov/pacific/revenue/colorado-marijuana-sales-reports,1214_MarijuanaSalesReport PUBLISH.xlsx,Colorado,Boulder,40.094826,-105.398382,2014,312588,34337366,28598157,109.85,91.49
https://www.colorado.gov/pacific/revenue/colorado-marijuana-sales-reports,1215_MarijuanaSalesReport PUBLISH.xlsx,Colorado,Boulder,40.094826,-105.398382,2015,318071,31025531,51439943,97.54,161.72
https://www.colorado.gov/pacific/revenue/colorado-marijuana-sales-reports,1216_MarijuanaSalesReport PUBLISH.xlsx,Colorado,Boulder,40.094826,-105.398382,2016,321363,29000647,66407479,90.24,206.64
https://www.colorado.gov/pacific/revenue/colorado-marijuana-sales-reports,1217_MarijuanaSalesReport PUBLISH.xlsx,Colorado,Boulder,40.094826,-105.398382,2017,322854,22484860,77438466,69.64,239.86
https://www.colorado.gov/pacific/revenue/colorado-marijuana-sales-reports,0818_MarijuanaSalesReport PUBLISH.xlsx,Colorado,Boulder,40.094826,-105.398382,2018,,12273809,58949359,,
,,Colorado,Broomfield,39.953383,-105.052125,2014,61617,0,0,,
,,Colorado,Broomfield,39.953383,-105.052125,2015,64713,0,0,,
,,Colorado,Broomfield,39.953383,-105.052125,2016,66399,0,0,,
,,Colorado,Broomfield,39.953383,-105.052125,2017,68169,0,0,,
,,Colorado,Broomfield,39.953383,-105.052125,2018,,0,0,,
https://www.colorado.gov/pacific/revenue/colorado-marijuana-sales-reports,1214_MarijuanaSalesReport PUBLISH.xlsx,Colorado,Chaffee,38.738246,-106.316972,2014,18453,438167,1,23.75,
https://www.colorado.gov/pacific/revenue/colorado-marijuana-sales-reports,1215_MarijuanaSalesReport PUBLISH.xlsx,Colorado,Chaffee,38.738246,-106.316972,2015,18578,1,1817143,,97.81
https://www.colorado.gov/pacific/revenue/colorado-marijuana-sales-reports,1216_MarijuanaSalesReport PUBLISH.xlsx,Colorado,Chaffee,38.738246,-106.316972,2016,19077,1,2291010,,120.09
https://www.colorado.gov/pacific/revenue/colorado-marijuana-sales-reports,1217_MarijuanaSalesReport PUBLISH.xlsx,Colorado,Chaffee,38.738246,-106.316972,2017,19623,1,4014966,,204.61
https://www.colorado.gov/pacific/revenue/colorado-marijuana-sales-reports,0818_MarijuanaSalesReport PUBLISH.xlsx,Colorado,Chaffee,38.738246,-106.316972,2018,,1,3954426,,
,,Colorado,Cheyenne,38.835387,-102.604585,2014,1836,0,0,,
,,Colorado,Cheyenne,38.835387,-102.604585,2015,1815,0,0,,
,,Colorado,Cheyenne,38.835387,-102.604585,2016,1835,0,0,,
,,Colorado,Cheyenne,38.835387,-102.604585,2017,1835,0,0,,
,,Colorado,Cheyenne,38.835387,-102.604585,2018,,0,0,,
https://www.colorado.gov/pacific/revenue/colorado-marijuana-sales-reports,1214_MarijuanaSalesReport PUBLISH.xlsx,Colorado,Clear Creek,39.689403,-105.670791,2014,9127,1242045,4853720,136.08,531.8
https://www.colorado.gov/pacific/revenue/colorado-marijuana-sales-reports,1215_MarijuanaSalesReport PUBLISH.xlsx,Colorado,Clear Creek,39.689403,-105.670791,2015,9279,1031231,5403849,111.14,582.37
https://www.colorado.gov/pacific/revenue/colorado-marijuana-sales-reports,1216_MarijuanaSalesReport PUBLISH.xlsx,Colorado,Clear Creek,39.689403,-105.670791,2016,9395,949888,6464191,101.11,688.05
https://www.colorado.gov/pacific/revenue/colorado-marijuana-sales-reports,1217_MarijuanaSalesReport PUBLISH.xlsx,Colorado,Clear Creek,39.689403,-105.670791,2017,9625,570412,6692065,59.26,695.28
https://www.colorado.gov/pacific/revenue/colorado-marijuana-sales-reports,0818_MarijuanaSalesReport PUBLISH.xlsx,Colorado,Clear Creek,39.689403,-105.670791,2018,,175966,4945773,,
https://www.colorado.gov/pacific/revenue/colorado-marijuana-sales-reports,1215_MarijuanaSalesReport PUBLISH.xlsx,Colorado,Conejos,37.213407,-106.176447,2015,8034,0,1,,
https://www.colorado.gov/pacific/revenue/colorado-marijuana-sales-reports,1216_MarijuanaSalesReport PUBLISH.xlsx,Colorado,Conejos,37.213407,-106.176447,2016,8018,0,3522184,,439.28
https://www.colorado.gov/pacific/revenue/colorado-marijuana-sales-reports,1217_MarijuanaSalesReport PUBLISH.xlsx,Colorado,Conejos,37.213407,-106.176447,2017,8117,0,5426288,,668.51
https://www.colorado.gov/pacific/revenue/colorado-marijuana-sales-reports,0818_MarijuanaSalesReport PUBLISH.xlsx,Colorado,Conejos,37.213407,-106.176447,2018,,0,4020053,,
https://www.colorado.gov/pacific/revenue/colorado-marijuana-sales-reports,1214_MarijuanaSalesReport PUBLISH.xlsx,Colorado,Costilla,37.277547,-105.42894,2014,3563,1,1,,
https://www.colorado.gov/pacific/revenue/colorado-marijuana-sales-reports,1215_MarijuanaSalesReport PUBLISH.xlsx,Colorado,Costilla,37.277547,-105.42894,2015,3577,1,1,,
https://www.colorado.gov/pacific/revenue/colorado-marijuana-sales-reports,1216_MarijuanaSalesReport PUBLISH.xlsx,Colorado,Costilla,37.277547,-105.42894,2016,3700,1,2836422,,766.6
https://www.colorado.gov/pacific/revenue/colorado-marijuana-sales-reports,1217_MarijuanaSalesReport PUBLISH.xlsx,Colorado,Costilla,37.277547,-105.42894,2017,3771,1,3874954,,1027.57
https://www.colorado.gov/pacific/revenue/colorado-marijuana-sales-reports,0818_MarijuanaSalesReport PUBLISH.xlsx,Colorado,Costilla,37.277547,-105.42894,2018,,0,2783758,,
,,Colorado,Crowley,38.321956,-103.787562,2014,5559,0,0,,
,,Colorado,Crowley,38.321956,-103.787562,2015,5567,0,0,,
,,Colorado,Crowley,38.321956,-103.787562,2016,5203,0,0,,
,,Colorado,Crowley,38.321956,-103.787562,2017,5749,0,0,,
,,Colorado,Custer,38.101994,-105.373515,2014,4337,0,0,,
,,Colorado,Custer,38.101994,-105.373515,2015,4431,0,0,,
,,Colorado,Custer,38.101994,-105.373515,2016,4579,0,0,,
,,Colorado,Custer,38.101994,-105.373515,2017,4859,0,0,,
,,Colorado,Delta,38.861756,-107.864757,2014,29968,0,0,,
,,Colorado,Delta,38.861756,-107.864757,2015,29929,0,0,,
,,Colorado,Delta,38.861756,-107.864757,2016,30377,0,0,,
,,Colorado,Delta,38.861756,-107.864757,2017,30578,0,0,,
https://www.colorado.gov/pacific/revenue/colorado-marijuana-sales-reports,1214_MarijuanaSalesReport PUBLISH.xlsx,Colorado,Denver,39.761849,-104.880625,2014,664715,174581324,151349554,262.64,227.69
https://www.colorado.gov/pacific/revenue/colorado-marijuana-sales-reports,1215_MarijuanaSalesReport PUBLISH.xlsx,Colorado,Denver,39.761849,-104.880625,2015,683081,190607334,216596860,279.04,317.09
https://www.colorado.gov/pacific/revenue/colorado-marijuana-sales-reports,1216_MarijuanaSalesReport PUBLISH.xlsx,Colorado,Denver,39.761849,-104.880625,2016,696347,210860875,290750789,302.81,417.54
https://www.colorado.gov/pacific/revenue/colorado-marijuana-sales-reports,1217_MarijuanaSalesReport PUBLISH.xlsx,Colorado,Denver,39.761849,-104.880625,2017,705651,202864231,374673239,287.49,530.96
https://www.colorado.gov/pacific/revenue/colorado-marijuana-sales-reports,0818_MarijuanaSalesReport PUBLISH.xlsx,Colorado,Denver,39.761849,-104.880625,2018,,96500754,258461909,,
,,Colorado,Dolores,37.747602,-108.530383,2014,1968,0,0,,
,,Colorado,Dolores,37.747602,-108.530383,2015,1973,0,0,,
,,Colorado,Dolores,37.747602,-108.530383,2016,2050,0,0,,
,,Colorado,Dolores,37.747602,-108.530383,2017,2040,0,0,,
,,Colorado,Douglas,39.326435,-104.926199,2014,314527,0,0,,
,,Colorado,Douglas,39.326435,-104.926199,2015,321772,0,0,,
,,Colorado,Douglas,39.326435,-104.926199,2016,327970,0,0,,
,,Colorado,Douglas,39.326435,-104.926199,2017,335635,0,0,,
https://www.colorado.gov/pacific/revenue/colorado-marijuana-sales-reports,1214_MarijuanaSalesReport PUBLISH.xlsx,Colorado,Eagle,39.630638,-106.692944,2014,53091,2259892,2234621,42.57,42.09
https://www.colorado.gov/pacific/revenue/colorado-marijuana-sales-reports,1215_MarijuanaSalesReport PUBLISH.xlsx,Colorado,Eagle,39.630638,-106.692944,2015,53610,3497800,8187585,65.25,152.72
https://www.colorado.gov/pacific/revenue/colorado-marijuana-sales-reports,1216_MarijuanaSalesReport PUBLISH.xlsx,Colorado,Eagle,39.630638,-106.692944,2016,54294,2485992,12353951,45.79,227.54
https://www.colorado.gov/pacific/revenue/colorado-marijuana-sales-reports,1217_MarijuanaSalesReport PUBLISH.xlsx,Colorado,Eagle,39.630638,-106.692944,2017,54662,1658458,13851679,30.34,253.41
https://www.colorado.gov/pacific/revenue/colorado-marijuana-sales-reports,0818_MarijuanaSalesReport PUBLISH.xlsx,Colorado,Eagle,39.630638,-106.692944,2018,,845756,11691458,,
,,Colorado,Elbert,39.310817,-104.117928,2014,23965,0,0,,
,,Colorado,Elbert,39.310817,-104.117928,2015,24522,0,0,,
,,Colorado,Elbert,39.310817,-104.117928,2016,25004,0,0,,
,,Colorado,Elbert,39.310817,-104.117928,2017,25594,0,0,,
https://www.colorado.gov/pacific/revenue/colorado-marijuana-sales-reports,1214_MarijuanaSalesReport PUBLISH.xlsx,Colorado,El Paso,39.630638,-106.692944,2014,663443,67026306,1,101.03,
https://www.colorado.gov/pacific/revenue/colorado-marijuana-sales-reports,1215_MarijuanaSalesReport PUBLISH.xlsx,Colorado,El Paso,39.630638,-106.692944,2015,674993,86100007,1,127.56,
https://www.colorado.gov/pacific/revenue/colorado-marijuana-sales-reports,1216_MarijuanaSalesReport PUBLISH.xlsx,Colorado,El Paso,39.630638,-106.692944,2016,689082,101137059,1,146.77,
https://www.colorado.gov/pacific/revenue/colorado-marijuana-sales-reports,1217_MarijuanaSalesReport PUBLISH.xlsx,Colorado,El Paso,39.630638,-106.692944,2017,701283,102115436,1,145.61,
https://www.colorado.gov/pacific/revenue/colorado-marijuana-sales-reports,0818_MarijuanaSalesReport PUBLISH.xlsx,Colorado,El Paso,39.630638,-106.692944,2018,,62537292,1,,
https://www.colorado.gov/pacific/revenue/colorado-marijuana-sales-reports,1214_MarijuanaSalesReport PUBLISH.xlsx,Colorado,Fremont,38.455658,-105.421438,2014,46093,2530928,0,54.91,
https://www.colorado.gov/pacific/revenue/colorado-marijuana-sales-reports,1215_MarijuanaSalesReport PUBLISH.xlsx,Colorado,Fremont,38.455658,-105.421438,2015,46245,2392649,0,51.74,
https://www.colorado.gov/pacific/revenue/colorado-marijuana-sales-reports,1216_MarijuanaSalesReport PUBLISH.xlsx,Colorado,Fremont,38.455658,-105.421438,2016,46940,2077837,0,44.27,
https://www.colorado.gov/pacific/revenue/colorado-marijuana-sales-reports,1217_MarijuanaSalesReport PUBLISH.xlsx,Colorado,Fremont,38.455658,-105.421438,2017,47521,1663234,0,35,
https://www.colorado.gov/pacific/revenue/colorado-marijuana-sales-reports,0818_MarijuanaSalesReport PUBLISH.xlsx,Colorado,Fremont,38.455658,-105.421438,2018,,977480,0,,
https://www.colorado.gov/pacific/revenue/colorado-marijuana-sales-reports,1214_MarijuanaSalesReport PUBLISH.xlsx,Colorado,Garfield,39.599352,-107.90978,2014,57182,4892957,3851567,85.57,67.36
https://www.colorado.gov/pacific/revenue/colorado-marijuana-sales-reports,1215_MarijuanaSalesReport PUBLISH.xlsx,Colorado,Garfield,39.599352,-107.90978,2015,57755,4935660,9099897,85.46,157.56
https://www.colorado.gov/pacific/revenue/colorado-marijuana-sales-reports,1216_MarijuanaSalesReport PUBLISH.xlsx,Colorado,Garfield,39.599352,-107.90978,2016,58938,4922183,16000942,83.51,271.49
https://www.colorado.gov/pacific/revenue/colorado-marijuana-sales-reports,1217_MarijuanaSalesReport PUBLISH.xlsx,Colorado,Garfield,39.599352,-107.90978,2017,59167,3536822,21863129,59.78,369.52
https://www.colorado.gov/pacific/revenue/colorado-marijuana-sales-reports,0818_MarijuanaSalesReport PUBLISH.xlsx,Colorado,Garfield,39.599352,-107.90978,2018,,1940603,13003395,,
https://www.colorado.gov/pacific/revenue/colorado-marijuana-sales-reports,1214_MarijuanaSalesReport PUBLISH.xlsx,Colorado,Gilpin,39.861082,-105.528947,2014,5737,371334,1376580,64.73,239.95
https://www.colorado.gov/pacific/revenue/colorado-marijuana-sales-reports,1215_MarijuanaSalesReport PUBLISH.xlsx,Colorado,Gilpin,39.861082,-105.528947,2015,5792,124465,1890289,21.49,326.36
https://www.colorado.gov/pacific/revenue/colorado-marijuana-sales-reports,1216_MarijuanaSalesReport PUBLISH.xlsx,Colorado,Gilpin,39.861082,-105.528947,2016,5901,1,2654538,,449.85
https://www.colorado.gov/pacific/revenue/colorado-marijuana-sales-reports,1217_MarijuanaSalesReport PUBLISH.xlsx,Colorado,Gilpin,39.861082,-105.528947,2017,6000,1,2553596,,425.6
https://www.colorado.gov/pacific/revenue/colorado-marijuana-sales-reports,0818_MarijuanaSalesReport PUBLISH.xlsx,Colorado,Gilpin,39.861082,-105.528947,2018,,1,1747487,,
https://www.colorado.gov/pacific/revenue/colorado-marijuana-sales-reports,1214_MarijuanaSalesReport PUBLISH.xlsx,Colorado,Grand,40.123289,-106.095876,2014,14535,1,1,,
https://www.colorado.gov/pacific/revenue/colorado-marijuana-sales-reports,1215_MarijuanaSalesReport PUBLISH.xlsx,Colorado,Grand,40.123289,-106.095876,2015,14686,1,1380296,,93.99
https://www.colorado.gov/pacific/revenue/colorado-marijuana-sales-reports,1216_MarijuanaSalesReport PUBLISH.xlsx,Colorado,Grand,40.123289,-106.095876,2016,15124,1,3292626,,217.71
https://www.colorado.gov/pacific/revenue/colorado-marijuana-sales-reports,1217_MarijuanaSalesReport PUBLISH.xlsx,Colorado,Grand,40.123289,-106.095876,2017,15297,1,3957092,,258.68
https://www.colorado.gov/pacific/revenue/colorado-marijuana-sales-reports,0818_MarijuanaSalesReport PUBLISH.xlsx,Colorado,Grand,40.123289,-106.095876,2018,,1,3226661,,
https://www.colorado.gov/pacific/revenue/colorado-marijuana-sales-reports,1214_MarijuanaSalesReport PUBLISH.xlsx,Colorado,Gunnison,38.669679,-107.078108,2014,15792,36255,1418443,2.3,89.82
https://www.colorado.gov/pacific/revenue/colorado-marijuana-sales-reports,1215_MarijuanaSalesReport PUBLISH.xlsx,Colorado,Gunnison,38.669679,-107.078108,2015,16120,1,3262219,,202.37
https://www.colorado.gov/pacific/revenue/colorado-marijuana-sales-reports,1216_MarijuanaSalesReport PUBLISH.xlsx,Colorado,Gunnison,38.669679,-107.078108,2016,16433,1,5421591,,329.92
https://www.colorado.gov/pacific/revenue/colorado-marijuana-sales-reports,1217_MarijuanaSalesReport PUBLISH.xlsx,Colorado,Gunnison,38.669679,-107.078108,2017,16871,1,6880647,,407.84
https://www.colorado.gov/pacific/revenue/colorado-marijuana-sales-reports,0818_MarijuanaSalesReport PUBLISH.xlsx,Colorado,Gunnison,38.669679,-107.078108,2018,,1,4594380,,
,,Colorado,Hinsdale,37.811625,-107.383405,2014,771,0,0,,
,,Colorado,Hinsdale,37.811625,-107.383405,2015,764,0,0,,
,,Colorado,Hinsdale,37.811625,-107.383405,2016,786,0,0,,
,,Colorado,Hinsdale,37.811625,-107.383405,2017,791,0,0,,
https://www.colorado.gov/pacific/revenue/colorado-marijuana-sales-reports,1215_MarijuanaSalesReport PUBLISH.xlsx,Colorado,Huerfano,37.687815,-104.959928,2015,6379,0,1,,
https://www.colorado.gov/pacific/revenue/colorado-marijuana-sales-reports,1216_MarijuanaSalesReport PUBLISH.xlsx,Colorado,Huerfano,37.687815,-104.959928,2016,6557,0,1,,
https://www.colorado.gov/pacific/revenue/colorado-marijuana-sales-reports,1217_MarijuanaSalesReport PUBLISH.xlsx,Colorado,Huerfano,37.687815,-104.959928,2017,6605,0,1,,
https://www.colorado.gov/pacific/revenue/colorado-marijuana-sales-reports,0818_MarijuanaSalesReport PUBLISH.xlsx,Colorado,Huerfano,37.687815,-104.959928,2018,,0,1,,
,,Colorado,Jackson,40.663432,-106.329248,2014,1384,0,0,,
,,Colorado,Jackson,40.663432,-106.329248,2015,1350,0,0,,
,,Colorado,Jackson,40.663432,-106.329248,2016,1356,0,0,,
,,Colorado,Jackson,40.663432,-106.329248,2017,1375,0,0,,
https://www.colorado.gov/pacific/revenue/colorado-marijuana-sales-reports,1214_MarijuanaSalesReport PUBLISH.xlsx,Colorado,Jefferson,39.58646,-105.245601,2014,558554,23378558,17685199,41.86,31.66
https://www.colorado.gov/pacific/revenue/colorado-marijuana-sales-reports,1215_MarijuanaSalesReport PUBLISH.xlsx,Colorado,Jefferson,39.58646,-105.245601,2015,564441,22665768,31666363,40.16,56.1
https://www.colorado.gov/pacific/revenue/colorado-marijuana-sales-reports,1216_MarijuanaSalesReport PUBLISH.xlsx,Colorado,Jefferson,39.58646,-105.245601,2016,570932,19555613,46058623,34.25,80.67
https://www.colorado.gov/pacific/revenue/colorado-marijuana-sales-reports,1217_MarijuanaSalesReport PUBLISH.xlsx,Colorado,Jefferson,39.58646,-105.245601,2017,575193,16660265,51783620,28.96,90.03
https://www.colorado.gov/pacific/revenue/colorado-marijuana-sales-reports,0818_MarijuanaSalesReport PUBLISH.xlsx,Colorado,Jefferson,39.58646,-105.245601,2018,,9886536,33778241,,
,,Colorado,Kiowa,38.388466,-102.75621,2014,1377,0,0,,
,,Colorado,Kiowa,38.388466,-102.75621,2015,1382,0,0,,
,,Colorado,Kiowa,38.388466,-102.75621,2016,1343,0,0,,
,,Colorado,Kiowa,38.388466,-102.75621,2017,1364,0,0,,
,,Colorado,Kit Carson,39.30534,-102.603023,2014,7998,0,0,,
,,Colorado,Kit Carson,39.30534,-102.603023,2015,8193,0,0,,
,,Colorado,Kit Carson,39.30534,-102.603023,2016,7629,0,0,,
,,Colorado,Kit Carson,39.30534,-102.603023,2017,7154,0,0,,
https://www.colorado.gov/pacific/revenue/colorado-marijuana-sales-reports,1214_MarijuanaSalesReport PUBLISH.xlsx,Colorado,La Plata,39.30534,-102.603023,2014,53883,6726061,1486443,124.83,27.59
https://www.colorado.gov/pacific/revenue/colorado-marijuana-sales-reports,1215_MarijuanaSalesReport PUBLISH.xlsx,Colorado,La Plata,39.30534,-102.603023,2015,54711,6725788,14867258,122.93,271.74
https://www.colorado.gov/pacific/revenue/colorado-marijuana-sales-reports,1216_MarijuanaSalesReport PUBLISH.xlsx,Colorado,La Plata,39.30534,-102.603023,2016,55378,4751071,22269388,85.79,402.13
https://www.colorado.gov/pacific/revenue/colorado-marijuana-sales-reports,1217_MarijuanaSalesReport PUBLISH.xlsx,Colorado,La Plata,39.30534,-102.603023,2017,55619,3653452,24145064,65.69,434.12
https://www.colorado.gov/pacific/revenue/colorado-marijuana-sales-reports,0818_MarijuanaSalesReport PUBLISH.xlsx,Colorado,La Plata,39.30534,-102.603023,2018,,1782532,16315086,,
https://www.colorado.gov/pacific/revenue/colorado-marijuana-sales-reports,1214_MarijuanaSalesReport PUBLISH.xlsx,Colorado,Lake,39.204316,-106.349696,2014,7272,0,1,,
https://www.colorado.gov/pacific/revenue/colorado-marijuana-sales-reports,1215_MarijuanaSalesReport PUBLISH.xlsx,Colorado,Lake,39.204316,-106.349696,2015,7399,0,1,,
https://www.colorado.gov/pacific/revenue/colorado-marijuana-sales-reports,1216_MarijuanaSalesReport PUBLISH.xlsx,Colorado,Lake,39.204316,-106.349696,2016,7534,0,1559668,,207.02
https://www.colorado.gov/pacific/revenue/colorado-marijuana-sales-reports,1217_MarijuanaSalesReport PUBLISH.xlsx,Colorado,Lake,39.204316,-106.349696,2017,7705,0,2521583,,327.27
https://www.colorado.gov/pacific/revenue/colorado-marijuana-sales-reports,0818_MarijuanaSalesReport PUBLISH.xlsx,Colorado,Lake,39.204316,-106.349696,2018,,0,1508988,,
https://www.colorado.gov/pacific/revenue/colorado-marijuana-sales-reports,1214_MarijuanaSalesReport PUBLISH.xlsx,Colorado,Larimer,40.663091,-105.482131,2014,323792,13944961,8433806,43.07,26.05
https://www.colorado.gov/pacific/revenue/colorado-marijuana-sales-reports,1215_MarijuanaSalesReport PUBLISH.xlsx,Colorado,Larimer,40.663091,-105.482131,2015,332980,15907033,28652122,47.77,86.05
https://www.colorado.gov/pacific/revenue/colorado-marijuana-sales-reports,1216_MarijuanaSalesReport PUBLISH.xlsx,Colorado,Larimer,40.663091,-105.482131,2016,338704,15839352,44288501,46.76,130.76
https://www.colorado.gov/pacific/revenue/colorado-marijuana-sales-reports,1217_MarijuanaSalesReport PUBLISH.xlsx,Colorado,Larimer,40.663091,-105.482131,2017,343853,13868286,58391921,40.33,169.82
https://www.colorado.gov/pacific/revenue/colorado-marijuana-sales-reports,0818_MarijuanaSalesReport PUBLISH.xlsx,Colorado,Larimer,40.663091,-105.482131,2018,,8401690,46649420,,
https://www.colorado.gov/pacific/revenue/colorado-marijuana-sales-reports,1215_MarijuanaSalesReport PUBLISH.xlsx,Colorado,Las Animas,37.318831,-104.04411,2015,14029,1,8598642,,612.92
https://www.colorado.gov/pacific/revenue/colorado-marijuana-sales-reports,1216_MarijuanaSalesReport PUBLISH.xlsx,Colorado,Las Animas,37.318831,-104.04411,2016,14059,1,21456457,,1526.17
https://www.colorado.gov/pacific/revenue/colorado-marijuana-sales-reports,1217_MarijuanaSalesReport PUBLISH.xlsx,Colorado,Las Animas,37.318831,-104.04411,2017,14197,338983,43913648,23.88,3093.16
https://www.colorado.gov/pacific/revenue/colorado-marijuana-sales-reports,0818_MarijuanaSalesReport PUBLISH.xlsx,Colorado,Las Animas,37.318831,-104.04411,2018,,304255,33324462,,
,,Colorado,Lincoln,38.99374,-103.507555,2014,5512,0,0,,
,,Colorado,Lincoln,38.99374,-103.507555,2015,5548,0,0,,
,,Colorado,Lincoln,38.99374,-103.507555,2016,5551,0,0,,
,,Colorado,Lincoln,38.99374,-103.507555,2017,5526,0,0,,
,,Colorado,Logan,40.728091,-103.090464,2014,22104,0,0,,
,,Colorado,Logan,40.728091,-103.090464,2015,22122,0,0,,
,,Colorado,Logan,40.728091,-103.090464,2016,22043,0,0,,
,,Colorado,Logan,40.728091,-103.090464,2017,21893,0,0,,
https://www.colorado.gov/pacific/revenue/colorado-marijuana-sales-reports,1214_MarijuanaSalesReport PUBLISH.xlsx,Colorado,Mesa,39.019492,-108.461837,2014,147735,1,0,,
https://www.colorado.gov/pacific/revenue/colorado-marijuana-sales-reports,1215_MarijuanaSalesReport PUBLISH.xlsx,Colorado,Mesa,39.019492,-108.461837,2015,148597,1,1,,
https://www.colorado.gov/pacific/revenue/colorado-marijuana-sales-reports,1216_MarijuanaSalesReport PUBLISH.xlsx,Colorado,Mesa,39.019492,-108.461837,2016,150258,1,1,,
https://www.colorado.gov/pacific/revenue/colorado-marijuana-sales-reports,1217_MarijuanaSalesReport PUBLISH.xlsx,Colorado,Mesa,39.019492,-108.461837,2017,151900,1,3965609,,26.11
https://www.colorado.gov/pacific/revenue/colorado-marijuana-sales-reports,0818_MarijuanaSalesReport PUBLISH.xlsx,Colorado,Mesa,39.019492,-108.461837,2018,,1,11939137,,
,,Colorado,Mineral,37.651478,-106.9323,2014,703,0,0,,
,,Colorado,Mineral,37.651478,-106.9323,2015,745,0,0,,
,,Colorado,Mineral,37.651478,-106.9323,2016,756,0,0,,
,,Colorado,Mineral,37.651478,-106.9323,2017,752,0,0,,
https://www.colorado.gov/pacific/revenue/colorado-marijuana-sales-reports,1214_MarijuanaSalesReport PUBLISH.xlsx,Colorado,Moffat,40.573984,-108.204521,2014,12944,1,0,,
https://www.colorado.gov/pacific/revenue/colorado-marijuana-sales-reports,1215_MarijuanaSalesReport PUBLISH.xlsx,Colorado,Moffat,40.573984,-108.204521,2015,12952,1,0,,
https://www.colorado.gov/pacific/revenue/colorado-marijuana-sales-reports,1216_MarijuanaSalesReport PUBLISH.xlsx,Colorado,Moffat,40.573984,-108.204521,2016,13169,1,0,,
https://www.colorado.gov/pacific/revenue/colorado-marijuana-sales-reports,1217_MarijuanaSalesReport PUBLISH.xlsx,Colorado,Moffat,40.573984,-108.204521,2017,13112,1,0,,
https://www.colorado.gov/pacific/revenue/colorado-marijuana-sales-reports,0818_MarijuanaSalesReport PUBLISH.xlsx,Colorado,Moffat,40.573984,-108.204521,2018,,1,1,,
https://www.colorado.gov/pacific/revenue/colorado-marijuana-sales-reports,1214_MarijuanaSalesReport PUBLISH.xlsx,Colorado,Montezuma,37.338025,-108.595786,2014,25464,1045651,1,41.06,
https://www.colorado.gov/pacific/revenue/colorado-marijuana-sales-reports,1215_MarijuanaSalesReport PUBLISH.xlsx,Colorado,Montezuma,37.338025,-108.595786,2015,25674,1438508,5090272,56.03,198.27
https://www.colorado.gov/pacific/revenue/colorado-marijuana-sales-reports,1216_MarijuanaSalesReport PUBLISH.xlsx,Colorado,Montezuma,37.338025,-108.595786,2016,25961,1001886,12108651,38.59,466.42
https://www.colorado.gov/pacific/revenue/colorado-marijuana-sales-reports,1217_MarijuanaSalesReport PUBLISH.xlsx,Colorado,Montezuma,37.338025,-108.595786,2017,26074,824786,20163593,31.63,773.32
https://www.colorado.gov/pacific/revenue/colorado-marijuana-sales-reports,0818_MarijuanaSalesReport PUBLISH.xlsx,Colorado,Montezuma,37.338025,-108.595786,2018,,507246,15154152,,
https://www.colorado.gov/pacific/revenue/colorado-marijuana-sales-reports,1214_MarijuanaSalesReport PUBLISH.xlsx,Colorado,Montrose,38.413427,-108.263042,2014,40564,1,0,,
https://www.colorado.gov/pacific/revenue/colorado-marijuana-sales-reports,1215_MarijuanaSalesReport PUBLISH.xlsx,Colorado,Montrose,38.413427,-108.263042,2015,40552,1,0,,
https://www.colorado.gov/pacific/revenue/colorado-marijuana-sales-reports,1216_MarijuanaSalesReport PUBLISH.xlsx,Colorado,Montrose,38.413427,-108.263042,2016,41142,1,0,,
https://www.colorado.gov/pacific/revenue/colorado-marijuana-sales-reports,1217_MarijuanaSalesReport PUBLISH.xlsx,Colorado,Montrose,38.413427,-108.263042,2017,41763,1,0,,
https://www.colorado.gov/pacific/revenue/colorado-marijuana-sales-reports,0818_MarijuanaSalesReport PUBLISH.xlsx,Colorado,Montrose,38.413427,-108.263042,2018,,1,0,,
https://www.colorado.gov/pacific/revenue/colorado-marijuana-sales-reports,1214_MarijuanaSalesReport PUBLISH.xlsx,Colorado,Morgan,40.262354,-103.807092,2014,28007,1,1,,
https://www.colorado.gov/pacific/revenue/colorado-marijuana-sales-reports,1215_MarijuanaSalesReport PUBLISH.xlsx,Colorado,Morgan,40.262354,-103.807092,2015,28108,1,1,,
https://www.colorado.gov/pacific/revenue/colorado-marijuana-sales-reports,1216_MarijuanaSalesReport PUBLISH.xlsx,Colorado,Morgan,40.262354,-103.807092,2016,28015,1,4138320,,147.72
https://www.colorado.gov/pacific/revenue/colorado-marijuana-sales-reports,1217_MarijuanaSalesReport PUBLISH.xlsx,Colorado,Morgan,40.262354,-103.807092,2017,28075,1,7918706,,282.06
https://www.colorado.gov/pacific/revenue/colorado-marijuana-sales-reports,0818_MarijuanaSalesReport PUBLISH.xlsx,Colorado,Morgan,40.262354,-103.807092,2018,,1,6964224,,
https://www.colorado.gov/pacific/revenue/colorado-marijuana-sales-reports,1214_MarijuanaSalesReport PUBLISH.xlsx,Colorado,Non-Reported,,,2014,,8256689,34596051,,
https://www.colorado.gov/pacific/revenue/colorado-marijuana-sales-reports,1215_MarijuanaSalesReport PUBLISH.xlsx,Colorado,Non-Reported,,,2015,,8229173,49239627,,
https://www.colorado.gov/pacific/revenue/colorado-marijuana-sales-reports,1216_MarijuanaSalesReport PUBLISH.xlsx,Colorado,Non-Reported,,,2016,,9203490,53267417,,
https://www.colorado.gov/pacific/revenue/colorado-marijuana-sales-reports,1217_MarijuanaSalesReport PUBLISH.xlsx,Colorado,Non-Reported,,,2017,,8784873,46560741,,
https://www.colorado.gov/pacific/revenue/colorado-marijuana-sales-reports,0818_MarijuanaSalesReport PUBLISH.xlsx,Colorado,Non-Reported,,,2018,,4907038,28365594,,
https://www.colorado.gov/pacific/revenue/colorado-marijuana-sales-reports,1216_MarijuanaSalesReport PUBLISH.xlsx,Colorado,Otero,37.88417,-103.72126,2016,18206,1,0,,
https://www.colorado.gov/pacific/revenue/colorado-marijuana-sales-reports,1217_MarijuanaSalesReport PUBLISH.xlsx,Colorado,Otero,37.88417,-103.72126,2017,18370,1,0,,
https://www.colorado.gov/pacific/revenue/colorado-marijuana-sales-reports,0818_MarijuanaSalesReport PUBLISH.xlsx,Colorado,Otero,37.88417,-103.72126,2018,,1,1,,
https://www.colorado.gov/pacific/revenue/colorado-marijuana-sales-reports,1214_MarijuanaSalesReport PUBLISH.xlsx,Colorado,Ouray,38.1506,-107.767133,2014,4560,1,1,,
https://www.colorado.gov/pacific/revenue/colorado-marijuana-sales-reports,1215_MarijuanaSalesReport PUBLISH.xlsx,Colorado,Ouray,38.1506,-107.767133,2015,4587,1,342075,,74.57
https://www.colorado.gov/pacific/revenue/colorado-marijuana-sales-reports,1216_MarijuanaSalesReport PUBLISH.xlsx,Colorado,Ouray,38.1506,-107.767133,2016,4766,1,2877032,,603.66
https://www.colorado.gov/pacific/revenue/colorado-marijuana-sales-reports,1217_MarijuanaSalesReport PUBLISH.xlsx,Colorado,Ouray,38.1506,-107.767133,2017,4783,1,3916926,,818.93
https://www.colorado.gov/pacific/revenue/colorado-marijuana-sales-reports,0818_MarijuanaSalesReport PUBLISH.xlsx,Colorado,Ouray,38.1506,-107.767133,2018,,1,3613206,,
https://www.colorado.gov/pacific/revenue/colorado-marijuana-sales-reports,1214_MarijuanaSalesReport PUBLISH.xlsx,Colorado,Park,39.118914,-105.717648,2014,16353,1,1,,
https://www.colorado.gov/pacific/revenue/colorado-marijuana-sales-reports,1215_MarijuanaSalesReport PUBLISH.xlsx,Colorado,Park,39.118914,-105.717648,2015,16704,1,1815654,,108.7
https://www.colorado.gov/pacific/revenue/colorado-marijuana-sales-reports,1216_MarijuanaSalesReport PUBLISH.xlsx,Colorado,Park,39.118914,-105.717648,2016,17339,1,3331577,,192.14
https://www.colorado.gov/pacific/revenue/colorado-marijuana-sales-reports,1217_MarijuanaSalesReport PUBLISH.xlsx,Colorado,Park,39.118914,-105.717648,2017,17892,1,4250202,,237.55
https://www.colorado.gov/pacific/revenue/colorado-marijuana-sales-reports,0818_MarijuanaSalesReport PUBLISH.xlsx,Colorado,Park,39.118914,-105.717648,2018,,1,3065794,,
,,Colorado,Phillips,40.594712,-102.345105,2014,4375,0,0,,
,,Colorado,Phillips,40.594712,-102.345105,2015,4310,0,0,,
,,Colorado,Phillips,40.594712,-102.345105,2016,4274,0,0,,
,,Colorado,Phillips,40.594712,-102.345105,2017,4275,0,0,,
https://www.colorado.gov/pacific/revenue/colorado-marijuana-sales-reports,1214_MarijuanaSalesReport PUBLISH.xlsx,Colorado,Pitkin,39.217533,-106.915943,2014,17664,1419703,3120952,80.37,176.68
https://www.colorado.gov/pacific/revenue/colorado-marijuana-sales-reports,1215_MarijuanaSalesReport PUBLISH.xlsx,Colorado,Pitkin,39.217533,-106.915943,2015,17864,978931,7723852,54.8,432.37
https://www.colorado.gov/pacific/revenue/colorado-marijuana-sales-reports,1216_MarijuanaSalesReport PUBLISH.xlsx,Colorado,Pitkin,39.217533,-106.915943,2016,17873,1035481,9593269,57.94,536.75
https://www.colorado.gov/pacific/revenue/colorado-marijuana-sales-reports,1217_MarijuanaSalesReport PUBLISH.xlsx,Colorado,Pitkin,39.217533,-106.915943,2017,17875,711009,11588192,39.78,648.29
https://www.colorado.gov/pacific/revenue/colorado-marijuana-sales-reports,0818_MarijuanaSalesReport PUBLISH.xlsx,Colorado,Pitkin,39.217533,-106.915943,2018,,323854,8994982,,
,,Colorado,Prowers,37.958181,-102.392161,2014,12042,0,0,,
,,Colorado,Prowers,37.958181,-102.392161,2015,11921,0,0,,
,,Colorado,Prowers,37.958181,-102.392161,2016,11939,0,0,,
,,Colorado,Prowers,37.958181,-102.392161,2017,12004,0,0,,
https://www.colorado.gov/pacific/revenue/colorado-marijuana-sales-reports,1214_MarijuanaSalesReport PUBLISH.xlsx,Colorado,Pueblo,38.170658,-104.489893,2014,161042,4903907,14739255,30.45,91.52
https://www.colorado.gov/pacific/revenue/colorado-marijuana-sales-reports,1215_MarijuanaSalesReport PUBLISH.xlsx,Colorado,Pueblo,38.170658,-104.489893,2015,162664,8010411,17932786,49.25,110.24
https://www.colorado.gov/pacific/revenue/colorado-marijuana-sales-reports,1216_MarijuanaSalesReport PUBLISH.xlsx,Colorado,Pueblo,38.170658,-104.489893,2016,164447,12103990,28801714,73.6,175.14
https://www.colorado.gov/pacific/revenue/colorado-marijuana-sales-reports,1217_MarijuanaSalesReport PUBLISH.xlsx,Colorado,Pueblo,38.170658,-104.489893,2017,165974,7297082,40088773,43.97,241.54
https://www.colorado.gov/pacific/revenue/colorado-marijuana-sales-reports,0818_MarijuanaSalesReport PUBLISH.xlsx,Colorado,Pueblo,38.170658,-104.489893,2018,,4295192,36525921,,
,,Colorado,Rio Blanco,39.972606,-108.200685,2014,6599,0,0,,
,,Colorado,Rio Blanco,39.972606,-108.200685,2015,6480,0,0,,
,,Colorado,Rio Blanco,39.972606,-108.200685,2016,6434,0,0,,
,,Colorado,Rio Blanco,39.972606,-108.200685,2017,6345,0,0,,
,,Colorado,Rio Grande,37.485763,-106.453214,2014,11482,0,0,,
,,Colorado,Rio Grande,37.485763,-106.453214,2015,11320,0,0,,
,,Colorado,Rio Grande,37.485763,-106.453214,2016,11313,0,0,,
,,Colorado,Rio Grande,37.485763,-106.453214,2017,11251,0,0,,
https://www.colorado.gov/pacific/revenue/colorado-marijuana-sales-reports,1214_MarijuanaSalesReport PUBLISH.xlsx,Colorado,Routt,40.48316,-106.985289,2014,24016,1516593,493745,63.15,20.56
https://www.colorado.gov/pacific/revenue/colorado-marijuana-sales-reports,1215_MarijuanaSalesReport PUBLISH.xlsx,Colorado,Routt,40.48316,-106.985289,2015,24307,1905809,5470092,78.41,225.04
https://www.colorado.gov/pacific/revenue/colorado-marijuana-sales-reports,1216_MarijuanaSalesReport PUBLISH.xlsx,Colorado,Routt,40.48316,-106.985289,2016,24667,1838231,8693203,74.52,352.42
https://www.colorado.gov/pacific/revenue/colorado-marijuana-sales-reports,1217_MarijuanaSalesReport PUBLISH.xlsx,Colorado,Routt,40.48316,-106.985289,2017,25178,524482,10283160,20.83,408.42
https://www.colorado.gov/pacific/revenue/colorado-marijuana-sales-reports,0818_MarijuanaSalesReport PUBLISH.xlsx,Colorado,Routt,40.48316,-106.985289,2018,,1223187,7884691,,
https://www.colorado.gov/pacific/revenue/colorado-marijuana-sales-reports,1214_MarijuanaSalesReport PUBLISH.xlsx,Colorado,Saguache,38.033952,-106.246675,2014,6199,1,1,,
https://www.colorado.gov/pacific/revenue/colorado-marijuana-sales-reports,1215_MarijuanaSalesReport PUBLISH.xlsx,Colorado,Saguache,38.033952,-106.246675,2015,6252,0,1,,
https://www.colorado.gov/pacific/revenue/colorado-marijuana-sales-reports,1216_MarijuanaSalesReport PUBLISH.xlsx,Colorado,Saguache,38.033952,-106.246675,2016,6412,0,1,,
https://www.colorado.gov/pacific/revenue/colorado-marijuana-sales-reports,1217_MarijuanaSalesReport PUBLISH.xlsx,Colorado,Saguache,38.033952,-106.246675,2017,6631,0,464262,,70.01
https://www.colorado.gov/pacific/revenue/colorado-marijuana-sales-reports,0818_MarijuanaSalesReport PUBLISH.xlsx,Colorado,Saguache,38.033952,-106.246675,2018,,0,1187326,,
https://www.colorado.gov/pacific/revenue/colorado-marijuana-sales-reports,1215_MarijuanaSalesReport PUBLISH.xlsx,Colorado,San Juan,37.781075,-107.670257,2015,712,0,1,,
https://www.colorado.gov/pacific/revenue/colorado-marijuana-sales-reports,1216_MarijuanaSalesReport PUBLISH.xlsx,Colorado,San Juan,37.781075,-107.670257,2016,689,0,1,,
https://www.colorado.gov/pacific/revenue/colorado-marijuana-sales-reports,1217_MarijuanaSalesReport PUBLISH.xlsx,Colorado,San Juan,37.781075,-107.670257,2017,690,0,1,,
https://www.colorado.gov/pacific/revenue/colorado-marijuana-sales-reports,0818_MarijuanaSalesReport PUBLISH.xlsx,Colorado,San Juan,37.781075,-107.670257,2018,714,0,1,,
https://www.colorado.gov/pacific/revenue/colorado-marijuana-sales-reports,1214_MarijuanaSalesReport PUBLISH.xlsx,Colorado,San Miguel,38.009374,-108.427326,2014,7704,764515,4169063,99.24,541.16
https://www.colorado.gov/pacific/revenue/colorado-marijuana-sales-reports,1215_MarijuanaSalesReport PUBLISH.xlsx,Colorado,San Miguel,38.009374,-108.427326,2015,7787,522009,3346696,67.04,429.78
https://www.colorado.gov/pacific/revenue/colorado-marijuana-sales-reports,1216_MarijuanaSalesReport PUBLISH.xlsx,Colorado,San Miguel,38.009374,-108.427326,2016,7957,417226,3351876,52.44,421.25
https://www.colorado.gov/pacific/revenue/colorado-marijuana-sales-reports,1217_MarijuanaSalesReport PUBLISH.xlsx,Colorado,San Miguel,38.009374,-108.427326,2017,7967,190065,4337975,23.86,544.49
https://www.colorado.gov/pacific/revenue/colorado-marijuana-sales-reports,0818_MarijuanaSalesReport PUBLISH.xlsx,Colorado,San Miguel,38.009374,-108.427326,2018,,1,3366468,,
https://www.colorado.gov/pacific/revenue/colorado-marijuana-sales-reports,1214_MarijuanaSalesReport PUBLISH.xlsx,Colorado,Sedgwick,40.871568,-102.355358,2014,2327,1,1,,
https://www.colorado.gov/pacific/revenue/colorado-marijuana-sales-reports,1215_MarijuanaSalesReport PUBLISH.xlsx,Colorado,Sedgwick,40.871568,-102.355358,2015,2371,1,1,,
https://www.colorado.gov/pacific/revenue/colorado-marijuana-sales-reports,1216_MarijuanaSalesReport PUBLISH.xlsx,Colorado,Sedgwick,40.871568,-102.355358,2016,2399,1,1,,
https://www.colorado.gov/pacific/revenue/colorado-marijuana-sales-reports,1217_MarijuanaSalesReport PUBLISH.xlsx,Colorado,Sedgwick,40.871568,-102.355358,2017,2314,1,1,,
https://www.colorado.gov/pacific/revenue/colorado-marijuana-sales-reports,0818_MarijuanaSalesReport PUBLISH.xlsx,Colorado,Sedgwick,40.871568,-102.355358,2018,,1,1,,
https://www.colorado.gov/pacific/revenue/colorado-marijuana-sales-reports,1214_MarijuanaSalesReport PUBLISH.xlsx,Colorado,Summit,39.621023,-106.137555,2014,29197,2511886,10999006,86.03,376.72
https://www.colorado.gov/pacific/revenue/colorado-marijuana-sales-reports,1215_MarijuanaSalesReport PUBLISH.xlsx,Colorado,Summit,39.621023,-106.137555,2015,29860,2922604,14799676,97.88,495.64
https://www.colorado.gov/pacific/revenue/colorado-marijuana-sales-reports,1216_MarijuanaSalesReport PUBLISH.xlsx,Colorado,Summit,39.621023,-106.137555,2016,30324,1756713,20115627,57.93,663.36
https://www.colorado.gov/pacific/revenue/colorado-marijuana-sales-reports,1217_MarijuanaSalesReport PUBLISH.xlsx,Colorado,Summit,39.621023,-106.137555,2017,30555,1354885,22904938,44.34,749.63
https://www.colorado.gov/pacific/revenue/colorado-marijuana-sales-reports,0818_MarijuanaSalesReport PUBLISH.xlsx,Colorado,Summit,39.621023,-106.137555,2018,,843231,17100386,,
https://www.colorado.gov/pacific/revenue/colorado-marijuana-sales-reports,1214_MarijuanaSalesReport PUBLISH.xlsx,Colorado,Teller,38.871994,-105.182552,2014,23406,1,0,,
https://www.colorado.gov/pacific/revenue/colorado-marijuana-sales-reports,1215_MarijuanaSalesReport PUBLISH.xlsx,Colorado,Teller,38.871994,-105.182552,2015,23351,1,0,,
https://www.colorado.gov/pacific/revenue/colorado-marijuana-sales-reports,1216_MarijuanaSalesReport PUBLISH.xlsx,Colorado,Teller,38.871994,-105.182552,2016,24012,1,0,,
https://www.colorado.gov/pacific/revenue/colorado-marijuana-sales-reports,1017_MarijuanaSalesReport PUBLISH.xlsx,Colorado,Teller,38.871994,-105.182552,2017,24625,1,0,,
,,Colorado,Washington,39.965413,-103.209605,2014,4724,0,0,,
,,Colorado,Washington,39.965413,-103.209605,2015,4779,0,0,,
,,Colorado,Washington,39.965413,-103.209605,2016,4831,0,0,,
,,Colorado,Washington,39.965413,-103.209605,2017,4921,0,0,,
https://www.colorado.gov/pacific/revenue/colorado-marijuana-sales-reports,1214_MarijuanaSalesReport PUBLISH.xlsx,Colorado,Weld,40.555794,-104.383649,2014,275655,5455796,8861738,19.79,32.15
https://www.colorado.gov/pacific/revenue/colorado-marijuana-sales-reports,1215_MarijuanaSalesReport PUBLISH.xlsx,Colorado,Weld,40.555794,-104.383649,2015,284474,5455796,8861738,19.18,31.15
https://www.colorado.gov/pacific/revenue/colorado-marijuana-sales-reports,1216_MarijuanaSalesReport PUBLISH.xlsx,Colorado,Weld,40.555794,-104.383649,2016,294294,3425078,26625504,11.64,90.47
https://www.colorado.gov/pacific/revenue/colorado-marijuana-sales-reports,1217_MarijuanaSalesReport PUBLISH.xlsx,Colorado,Weld,40.555794,-104.383649,2017,304435,3750264,30987020,12.32,101.79
https://www.colorado.gov/pacific/revenue/colorado-marijuana-sales-reports,0818_MarijuanaSalesReport PUBLISH.xlsx,Colorado,Weld,40.555794,-104.383649,2018,,2730272,19498111,,
,,Colorado,Yuma,40.000631,-102.422649,2014,10195,0,0,,
,,Colorado,Yuma,40.000631,-102.422649,2015,10086,0,0,,
,,Colorado,Yuma,40.000631,-102.422649,2016,10145,0,0,,
,,Colorado,Yuma,40.000631,-102.422649,2017,10075,0,0,,
